UPC,ASIN,Name,List Price,Model,MPN,Brand,Color,Sales Rank,Category,Pick & Pack,Weight Handling,Order Handling,30d Storage,VCF,FBA Fees,Referral,Width,Height,Length,Weight,Buy Box,FBA BB,New Offers,FBA Offers,AMZ on Listing
*642863041129,B00SR0V92S,Greenies Dental Treat For Dogs Large,95.97,,GRE04112,Nutro,,2831149,Sports,N/A,N/A,N/A,N/A,N/A,N/A,0.15,0,0,0,4.8,N/A,N,1,0,N
*642863041129,B00U9O4JL8,27OZ LG Dog Treat Pak (Pack of 2),44.16,,GRE04112,GREENIES/NUTRO,,,Pet Products,N/A,N/A,N/A,N/A,N/A,N/A,0.15,0,0,0,1.6,60.14,N,3,0,N
*642863041129,B00ZY7ZD60,Greenies Dog Dental Treats Large 17/pk Case of 12,,,,Greenies,,,Pet Products,N/A,N/A,N/A,N/A,N/A,N/A,0.15,0,0,0,0,N/A,N,0,0,N
*642863041129,B014DBFTFW,"GREENIES Dental Chews Treats for Dogs, Large, 17 Count",34.49,10071441,,Greenies,,12361,Pantry,1.06,2.34,1.00,0.07,0,4.47,0.15,6.9,4.4,7.8,1.9,17.39,Y,1,0,N
*642863041129,B017Z44MKC,Greenies Dental Treat For Dogs Large,,,GRE04112,Greenies,,148285,Pet Products,N/A,N/A,N/A,N/A,N/A,N/A,0.15,0,0,0,27.2,N/A,N,0,0,N
*642863041129,B01A5TGZ7W,Greenies Dental Treat For Dogs Large,,,GRE04112,Greenies,,,Pet Products,N/A,N/A,N/A,N/A,N/A,N/A,0.15,0,0,0,14.4,261.88,N,1,0,N
*642863041129,B01A5TK8K2,Greenies Dental Treat For Dogs Large,,,GRE04112,Greenies,,,Pet Products,N/A,N/A,N/A,N/A,N/A,N/A,0.15,0,0,0,6.4,121.41,N,2,0,N
*642863041129,B01A5TFUSC,Greenies Dental Treat For Dogs Large,,,GRE04112,Greenies,,,Pet Products,N/A,N/A,N/A,N/A,N/A,N/A,0.15,0,0,0,9.6,181.02,N,1,0,N
*642863041129,B001797XPI,GREENIES Dental Chews Large Treats for Dogs - Treat TUB-PAK Package 27 oz. 17 Count,25.99,10071441,10071441,Greenies,,2112,Pet Products,1.06,2.34,1.00,0.06,0,4.46,0.15,6.6,3.6,7.6,2.1,17.39,Y,40,6,Y
*642863041129,B00QYCRH7C,Greenies Dental Treat For Dogs Large,319.9,,GRE04112,Nutro,,2932103,Sports,N/A,N/A,N/A,N/A,N/A,N/A,0.15,0,0,0,16,304.66,N,1,0,N
*642863041174,B00QYCRE6Q,Greenies Dental Treat For Dogs Regular Size,50.97,,GRE04117,Greenies,Green,2287023,Sports,N/A,N/A,N/A,N/A,N/A,N/A,0.15,0,0,0,2.1,72.39,N,1,0,N
*642863041174,B01A5TH7RO,Greenies Dental Treat For Dogs Regular Size,,,GRE04117,Greenies,,,Pet Products,N/A,N/A,N/A,N/A,N/A,N/A,0.15,0,0,0,1.4,50.16,N,1,0,N
*642863041174,B01A5TK47E,Greenies Dental Treat For Dogs Regular Size,,,GRE04117,Greenies,,,Pet Products,N/A,N/A,N/A,N/A,N/A,N/A,0.15,0,0,0,2.8,93.68,N,1,0,N
*642863041174,B00GXK6XYS,Greenies Dental Treat For Dogs Regular Size,405.04,,GRE04117,Ford,,841272,Pet Products,N/A,N/A,N/A,N/A,N/A,N/A,0.15,0,0,0,16.8,342.62,N,2,0,N
*642863041174,B01A5TGUR2,Greenies Dental Treat For Dogs Regular Size,,,GRE04117,Greenies,,,Pet Products,N/A,N/A,N/A,N/A,N/A,N/A,0.15,0,0,0,6.3,154.9,N,1,0,N
*014891420632,B000KEVF1O,GREENIES Dental Chews Regular Treats for Dogs - Value Pack 12 oz. 12 Count,14.99,018GRN02-R12,018GRN02-R12,Greenies,,4644,Pet Products,1.06,0.96,1.00,0.02,0,3.04,0.15,6.1,1.2,7.1,0.1,9.29,Y,46,2,Y
*642863041174,B00QTRF030,Greenies Dental Treat For Dogs Regular Size,84.95,,GRE04117,Greenies,,,Sports,N/A,N/A,N/A,N/A,N/A,N/A,0.15,0,0,0,3.5,84.44,N,2,0,N
*642863041174,B01A5TICQE,Greenies Dental Treat For Dogs Regular Size,,,GRE04117,Greenies,,,Pet Products,N/A,N/A,N/A,N/A,N/A,N/A,0.15,0,0,0,8.4,206.86,N,1,0,N
*642863041174,B00Y5FS9PO,Greenies Dental Treat For Dogs Regular Size,169.9,,GRE04117,Greenies,,,Sports,N/A,N/A,N/A,N/A,N/A,N/A,0.15,0,0,0,7,171.09,N,1,0,N
*642863041174,B01A5TFQJ0,Greenies Dental Treat For Dogs Regular Size,,,GRE04117,Greenies,,,Pet Products,N/A,N/A,N/A,N/A,N/A,N/A,0.15,0,0,0,4.2,118.86,N,1,0,N
*642863041198,B00NR2FS5A,Greenies Dog Dental Chew Treats Regular 27oz 27ct,,,21208,Greenies,,95049,Pet Products,1.06,2.34,1.00,0.06,0,4.46,0.15,6.7,3.9,7.6,1.85,35.99,N,2,0,N
*642863041198,B00ZY7ZGBM,Greenies Dental Treat For Dogs Regular Size,,,GRE04119,Greenies,,619250,Pet Products,N/A,N/A,N/A,N/A,N/A,N/A,0.15,0,0,0,19.2,361.1,N,1,0,N
*642863041198,B01A5TK93S,"GREENIES Treat Tub-Pak-Regular Dog 27 Oz, Pack of 4",,,642863041198,Greenies,,,Pet Products,N/A,N/A,N/A,N/A,N/A,N/A,0.15,0,0,0,0,126.03,N,1,0,N
*642863041198,B01A5TGZVI,"GREENIES Treat Tub-Pak-Regular Dog 27 Oz, Pack of 9",,,642863041198,Greenies,,,Pet Products,N/A,N/A,N/A,N/A,N/A,N/A,0.15,0,0,0,0,N/A,N,0,0,N
*642863041198,B000KEVF32,GREENIES Dental Chews Regular Treats for Dogs - Treat TUB-PAK Package 27 oz. 27 Count,32.99,018GRN04-R30,018GRN04-R30,Greenies,,217,Pet Products,1.06,2.34,1.00,0.06,0,4.46,0.15,6.7,3.9,7.5,2.25,17.39,Y,32,3,Y
*642863041198,B01A5TFVJK,"GREENIES Treat Tub-Pak-Regular Dog 27 Oz, Pack of 6",,,642863041198,Greenies,,,Pet Products,N/A,N/A,N/A,N/A,N/A,N/A,0.15,0,0,0,0,181.02,N,1,0,N
*642863041198,B014DBA2AE,"GREENIES Dental Chews Regular Treats for Dogs, 27 Count",34.49,10123686,,Greenies,,3726,Pantry,1.06,2.34,1.00,0.08,0,4.48,0.15,6.9,4.5,7.8,1.95,17.39,Y,1,0,N
*642863041198,B01A5THCTW,"GREENIES Treat Tub-Pak-Regular Dog 27 Oz, Pack of 2",,,642863041198,Greenies,,,Pet Products,N/A,N/A,N/A,N/A,N/A,N/A,0.15,0,0,0,0,74.31,N,1,0,N
*642863041198,B00QYCKAUS,Greenies Dental Treat For Dogs Regular Size,95.97,,GRE04119,Greenies,,1166657,Sports,N/A,N/A,N/A,N/A,N/A,N/A,0.15,0,0,0,4.8,92.81,N,1,0,N
*642863041198,B00QYCRK38,Greenies Dental Treat For Dogs Regular Size,319.9,,GRE04119,Greenies,,2609500,Sports,N/A,N/A,N/A,N/A,N/A,N/A,0.15,0,0,0,16,304.66,N,1,0,N
*642863041242,B00Y5FT688,Greenies Treats for Dogs Treat-Pak-Petite 12 oz (Pack of 3),50.97,,GRE04124,Greenies,,487524,Sports,1.06,0.96,1.00,0.04,0,3.06,0.15,6,3,7,0.65,53.04,N,2,0,N
*642863041242,B01A5TFR5S,Greenies Dental Treat For Dogs Small,,,GRE04124,Greenies,,,Pet Products,N/A,N/A,N/A,N/A,N/A,N/A,0.15,0,0,0,4.2,89.8,N,2,0,N
*642863041242,B00Y5FSO4A,Greenies Dental Treat For Dogs Small,169.9,,GRE04124,Greenies,,,Sports,N/A,N/A,N/A,N/A,N/A,N/A,0.15,0,0,0,7,171.09,N,1,0,N
*642863041242,B01A5TGVDU,Greenies Dental Treat For Dogs Small,,,GRE04124,Greenies,,,Pet Products,N/A,N/A,N/A,N/A,N/A,N/A,0.15,0,0,0,6.3,125.22,N,2,0,N
*642863041242,B00NRX0QFQ,Greenies Dental Treat For Dogs Small,,,GRE04124,Greenies,,,Pet Products,1.06,1.95,1.00,0.04,0,4.05,0.15,6.3,2.6,7,0.9,N/A,N,0,0,N
*642863041242,B000KERGK8,GREENIES Dental Chews Petite Treats for Dogs - TREAT-PAK Package 12 oz. 20 Count,14.99,018GRN02-P12,018GRN02-P12,Greenies,,3547,Pet Products,1.06,1.95,1.00,0.03,0,4.04,0.15,5.9,2.3,6.7,0.85,9.29,Y,47,3,Y
*642863041242,B000KUQPE0,Petite Greenies Dog Dental Chew Treats 12oz 20ct,,,122528,Greenies,,367772,Pet Products,N/A,N/A,N/A,N/A,N/A,N/A,0.15,0,0,0,1,N/A,N,0,0,N
*642863041242,B0044UZ3UE,Greenies Dental Treat For Dogs Small,41.97,,7010.CL4.12,Hpi Homz Closet,,,Home,N/A,N/A,N/A,N/A,N/A,N/A,0.15,0,0,0,8.4,26.46,N,2,0,N
*642863041242,B01A5TK4YC,Greenies Dental Treat For Dogs Small,,,GRE04124,Greenies,,,Pet Products,N/A,N/A,N/A,N/A,N/A,N/A,0.15,0,0,0,2.8,65.66,N,2,0,N
*642863041242,B01A5TH8VY,Greenies Dental Treat For Dogs Small,,,GRE04124,Greenies,,486384,Pet Products,N/A,N/A,N/A,N/A,N/A,N/A,0.15,0,0,0,1.4,39.71,N,2,0,N
*642863041242,B016LO7JXE,"GREENIES Dental Chews Petite Treats for Dogs TREAT-PAK Package, 12 Ounce, 20 Count",14.99,10055805,,Greenies,,9519,Pantry,1.06,1.95,1.00,0.04,0,4.05,0.15,6.3,3.3,6.9,0.8,9.29,Y,1,0,N
*642863041242,B00Y5FSEBS,Greenies Dental Treat For Dogs Small,84.95,,GRE04124,Greenies,,,Sports,1.06,2.73,1.00,0.05,0,4.84,0.15,6.5,3,9,3.5,75.34,N,1,0,N
*642863041259,B01A5TIFZW,"GREENIES Mega Treat-Pak-Petite Dog 18 Oz, Pack of 12",,,642863041259,Greenies,,,Pet Products,N/A,N/A,N/A,N/A,N/A,N/A,0.15,0,0,0,0,237.67,N,1,0,N
*642863041259,B01A5THB7U,"GREENIES Mega Treat-Pak-Petite Dog 18 Oz, Pack of 2",,,642863041259,Greenies,,,Pet Products,N/A,N/A,N/A,N/A,N/A,N/A,0.15,0,0,0,0,58.97,N,1,0,N
*642863041259,B01A5TGY50,"GREENIES Mega Treat-Pak-Petite Dog 18 Oz, Pack of 9",,,642863041259,Greenies,,,Pet Products,N/A,N/A,N/A,N/A,N/A,N/A,0.15,0,0,0,0,185.17,N,1,0,N
*642863041259,B01A5TFTRY,"GREENIES Mega Treat-Pak-Petite Dog 18 Oz, Pack of 6",,,642863041259,Greenies,,,Pet Products,N/A,N/A,N/A,N/A,N/A,N/A,0.15,0,0,0,0,127.97,N,1,0,N
*885207760441,B000KEVF3M,GREENIES Dental Chews Petite Treats for Dogs - Mega TREAT-PAK Package 18 oz. 30 Count,20.99,018GRN03-P18,10055818,Greenies,,6333,Pet Products,1.06,1.95,1.00,0.05,0,4.06,0.15,6.1,3.3,8,1.15,17.19,Y,21,5,Y
*642863041259,B01BLHMPW6,Petite Greenies Dog Dental Chew Treats 18oz 30ct,,,21205,Greenies,,,Pet Products,N/A,N/A,N/A,N/A,N/A,N/A,0.15,0,0,0,1.25,N/A,N,0,0,N
*642863041259,B01A5TK7E4,"GREENIES Mega Treat-Pak-Petite Dog 18 Oz, Pack of 4",,,642863041259,Greenies,,,Pet Products,N/A,N/A,N/A,N/A,N/A,N/A,0.15,0,0,0,0,92.16,N,1,0,N
*642863041259,B01A5TISBI,"GREENIES Mega Treat-Pak-Petite Dog 18 Oz, Pack of 3",,,642863041259,Greenies,,,Pet Products,N/A,N/A,N/A,N/A,N/A,N/A,0.15,0,0,0,0,74.95,N,1,0,N
*642863041310,B00U5TSF9O,Greenie 12OZ Treat Pak,17.99,,04131,Ford,,578444,Pet Products,1.06,1.95,1.00,0.11,0,4.12,0.15,8,4,11,1,18.99,N,7,0,N
*642863041310,B01BJ0MSFY,Greenies Dog Dental Chew Treats Teenie 12oz 43ct,,,122525,Greenies,,97744,Pet Products,N/A,N/A,N/A,N/A,N/A,N/A,0.15,0,0,0,1,N/A,N,0,0,N
*642863041310,B016LO7HN6,"GREENIES Dental Chews TEENIE Treats for Dogs TREAT-PAK Package, 12 Ounce, 43 Count",14.99,10055806,018GRN02-T12,Greenies,,3470,Pantry,1.06,1.95,1.00,0.04,0,4.05,0.15,6,2.8,6.9,0.8,9.29,Y,1,0,N
*642863041310,B009SD8926,Greenies - Teenies - 43 Count - 028733,,,028733,Greenies,,,Home,N/A,N/A,N/A,N/A,N/A,N/A,0.15,0,0,0,0,N/A,N,0,0,N
*642863041310,B01A5TFRPS,"GREENIES Treat-Pak-Teenie Dog 12 Oz, Pack of 6",,,642863041310,Greenies,,,Pet Products,N/A,N/A,N/A,N/A,N/A,N/A,0.15,0,0,0,0,95.96,N,1,0,N
*642863041310,B000KAHPZ8,GREENIES Dental Chews TEENIE Treats for Dogs - TREAT-PAK Package 12 oz. 43 Count,14.99,018GRN02-T12,018GRN02-T12,Greenies,GREEN,1192,Pet Products,1.06,1.95,1.00,0.05,0,4.06,0.15,6.5,2.68,9.25,0.94,9.29,Y,49,2,Y
*642863041310,B01A5TK5NC,"GREENIES Treat-Pak-Teenie Dog 12 Oz, Pack of 4",,,642863041310,Greenies,,,Pet Products,N/A,N/A,N/A,N/A,N/A,N/A,0.15,0,0,0,0,70.75,N,1,0,N
*642863041310,B01A5TIDTU,"GREENIES Treat-Pak-Teenie Dog 12 Oz, Pack of 12",,,642863041310,Greenies,,,Pet Products,N/A,N/A,N/A,N/A,N/A,N/A,0.15,0,0,0,0,168.28,N,1,0,N
*642863041310,B00WFQRPAK,GREENIES ORIGINAL DENTAL CHEWS A 86 count TREAT PACK TEENIE (Double),,,,Greenies,,,Pet Products,N/A,N/A,N/A,N/A,N/A,N/A,0.15,0,0,0,0,N/A,N,0,0,N
*642863041310,B01A5TGW1Q,"GREENIES Treat-Pak-Teenie Dog 12 Oz, Pack of 9",,,642863041310,Greenies,,,Pet Products,N/A,N/A,N/A,N/A,N/A,N/A,0.15,0,0,0,0,133.44,N,1,0,N
*642863041310,B00CQ7RXVO,Greenie 12OZ Treat Pak,,,04131,Greenies,,,Furniture,N/A,N/A,N/A,N/A,N/A,N/A,0.15,0,0,0,0,42.51,N,2,0,N
*642863041310,B01A5TIQ9M,"GREENIES Treat-Pak-Teenie Dog 12 Oz, Pack of 3",,,642863041310,Greenies,,569399,Pet Products,N/A,N/A,N/A,N/A,N/A,N/A,0.15,0,0,0,0,59.14,N,1,0,N
*642863041327,B01A5TGYKU,Teenie Greenie Mega Pk,,,10055819,Greenies,,,Pet Products,N/A,N/A,N/A,N/A,N/A,N/A,0.15,0,0,0,11.7,185.17,N,1,0,N
*642863041327,B01A5TK7XK,Teenie Greenie Mega Pk,,,10055819,Greenies,,,Pet Products,N/A,N/A,N/A,N/A,N/A,N/A,0.15,0,0,0,5.2,92.16,N,1,0,N
*642863041327,B01A5TIGQK,Teenie Greenie Mega Pk,,,10055819,Greenies,,,Pet Products,N/A,N/A,N/A,N/A,N/A,N/A,0.15,0,0,0,15.6,237.67,N,1,0,N
*642863041327,B000KAKZ2I,GREENIES Dental Chews TEENIE Treats for Dogs - Mega TREAT-PAK Package 18 oz.,20.99,018GRN03-T18,018GRN03-T18,Greenies,,1312,Pet Products,1.06,1.95,1.00,0.01,0,4.02,0.15,6,0.6,8.7,1.3,12.63,Y,24,3,Y
*642863041327,B01BDNA4HQ,Greenies Dog Dental Chew Treats Teenie 18oz 65ct,,,21206,Greenies,,89300,Pet Products,N/A,N/A,N/A,N/A,N/A,N/A,0.15,0,0,0,1,N/A,N,0,0,N
*642863041327,B01A5TFUA0,Teenie Greenie Mega Pk,,,10055819,Greenies,,,Pet Products,N/A,N/A,N/A,N/A,N/A,N/A,0.15,0,0,0,7.8,127.97,N,1,0,N
*642863041334,B01A5TFWS0,"GREENIES Treat Tub-Pak-Teenie Dog 27 Oz, Pack of 6",,,642863041334,Greenies,,,Pet Products,N/A,N/A,N/A,N/A,N/A,N/A,0.15,0,0,0,0,181.02,N,1,0,N
*642863041334,B014DBBHC6,"GREENIES Dental Chews Teenie Treats for Dogs, 96 Count",34.99,10071444,,Greenies,,6215,Pantry,1.06,2.34,1.00,0.07,0,4.47,0.15,6.8,4.3,7.7,1.95,17.39,Y,1,0,N
*642863041334,B00U9O4LUC,Greenies-Nutro GN04133 27 oz Greenies Tub Pak Teenie,44.15,,GN04133,GREENIES/NUTRO,,,Pet Products,N/A,N/A,N/A,N/A,N/A,N/A,0.15,0,0,0,0,N/A,N,0,0,N
*642863041334,B01A5TH1KM,"GREENIES Treat Tub-Pak-Teenie Dog 27 Oz, Pack of 9",,,642863041334,Greenies,,,Pet Products,N/A,N/A,N/A,N/A,N/A,N/A,0.15,0,0,0,0,261.88,N,1,0,N
*042863041332,B001G96UK8,GREENIES Dental Chews TEENIE Treats for Dogs - Treat TUB-PAK Package 27 oz. 96 Count,34.99,10071444,10071444,Greenies,default,503,Pet Products,1.06,2.34,1.00,0.06,0,4.46,0.15,6.7,3.8,7.5,1.95,17.39,Y,26,2,Y
*642863041334,B01A5TIV3I,"GREENIES Treat Tub-Pak-Teenie Dog 27 Oz, Pack of 3",,,642863041334,Greenies,,,Pet Products,N/A,N/A,N/A,N/A,N/A,N/A,0.15,0,0,0,0,74.31,N,1,0,N
*642863041334,B00BLQCZO6,Greenies Dog Dental Treats Teenie 96/pk Case of 12,,,,Greenies,,572487,Pet Products,N/A,N/A,N/A,N/A,N/A,N/A,0.15,0,0,0,0,362.42,N,1,0,N
*642863041334,B01A5TQ194,"GREENIES Treat Tub-Pak-Teenie Dog 27 Oz, Pack of 4",,,642863041334,Greenies,,,Pet Products,N/A,N/A,N/A,N/A,N/A,N/A,0.15,0,0,0,0,126.03,N,1,0,N
*642863041709,B00GY459CU,Jumbo Dog Dental Treat (Pack of 8),31.92,,04170,Ford,,572022,Pet Products,1.06,2.73,1.00,0.09,0,4.88,0.15,8,4,9,3,36.64,N,4,0,N
*642863041709,B0017NO42O,"Greenies Mini-Me Merchandiser, Jumbo",6.99,21176,21176,Greenies,,155907,Pet Products,1.06,0.50,1.00,0.00,0,2.56,0.15,1.7,0.3,5.5,0.2,6.99,Y,3,1,Y
*642863041723,B00JNRVEOM,Greenies Dog Treat Mini Me,,,14754,HORSELOVERZ,,,Pet Products,N/A,N/A,N/A,N/A,N/A,N/A,0.15,0,0,0,0,N/A,N,0,0,N
*642863041723,B00076HU6E,Greenies Dental Treats Regular Size,6.99,21178,21178,Greenies,,169328,Pet Products,1.06,0.96,1.00,0.01,0,3.03,0.15,3.2,0.9,6.7,0.15,4.19,N,5,0,Y
*642863041723,B00GHT7BHS,Greenies Dental Treats Regular Size,,,10108880,Greenies,,,Pet Products,N/A,N/A,N/A,N/A,N/A,N/A,0.15,0,0,0,0,N/A,N,0,0,N
*642863041723,B0055G1L3Y,Greenies Regular 1 Piece Individually Wrapped,1.99,,11113,Greenies,,506016,Pet Products,N/A,N/A,N/A,N/A,N/A,N/A,0.15,1.69,0.67,5.22,0,N/A,N,1,0,N
*642863041730,B00QFVSQOU,"Greenies Petite, Single",,,642863041730,Greenies,,687391,Pet Products,N/A,N/A,N/A,N/A,N/A,N/A,0.15,0,0,0,0,N/A,N,0,0,N
*642863041730,B001QJQMWE,Greenies Petite,2.92,10123609,10123609,Greenies,,224278,Pet Products,1.06,0.50,1.00,0.00,0,2.56,0.15,1.6,0.5,4.7,0.01,23.46,N,2,1,Y
*642863041730,B00GY45QSM,"Petite Dog Dental Treat, Pack of 25",24.75,,10108878,Ford,,673816,Pet Products,1.06,2.34,1.00,0.09,0,4.49,0.15,8,4,9,2,17.88,N,2,0,N
*642863044250,B01A5TGBZ8,"GREENIES Weight Management Treat-Pak-Regular Dog 12 Oz, Pack of 6",,,642863044250,Greenies,,,Pet Products,N/A,N/A,N/A,N/A,N/A,N/A,0.15,0,0,0,0,95.96,N,1,0,N
*642863044250,B000X98CMG,GREENIES Weight Management Dental Chews Regular Dog Treats - 12 oz. 12 Count,15.99,21234,21234,Greenies,,11184,Pet Products,1.06,1.95,1.00,0.02,0,4.03,0.15,5.5,2.2,6.1,0.85,11.38,Y,27,2,Y
*642863044250,B01A5THJWC,"GREENIES Weight Management Treat-Pak-Regular Dog 12 Oz, Pack of 9",,,642863044250,Greenies,,,Pet Products,N/A,N/A,N/A,N/A,N/A,N/A,0.15,0,0,0,0,133.44,N,1,0,N
*642863044250,B01A5THY18,"GREENIES Weight Management Treat-Pak-Regular Dog 12 Oz, Pack of 2",,,642863044250,Greenies,,,Pet Products,N/A,N/A,N/A,N/A,N/A,N/A,0.15,0,0,0,0,44.75,N,1,0,N
*642863044250,B01A5TF2IU,"GREENIES Weight Management Treat-Pak-Regular Dog 12 Oz, Pack of 4",,,642863044250,Greenies,,,Pet Products,N/A,N/A,N/A,N/A,N/A,N/A,0.15,0,0,0,0,70.75,N,1,0,N
*642863044250,B01A5TJC90,"GREENIES Weight Management Treat-Pak-Regular Dog 12 Oz, Pack of 3",,,642863044250,Greenies,,,Pet Products,N/A,N/A,N/A,N/A,N/A,N/A,0.15,0,0,0,0,59.14,N,1,0,N
*642863044250,B01A5TIYIU,"GREENIES Weight Management Treat-Pak-Regular Dog 12 Oz, Pack of 12",,,642863044250,Greenies,,,Pet Products,N/A,N/A,N/A,N/A,N/A,N/A,0.15,0,0,0,0,168.28,N,1,0,N
*642863044267,B01A5TIZ8Y,"GREENIES Weight Management Treat-Pak-Petite Dog 12 Oz, Pack of 12",,,642863044267,Greenies,,,Pet Products,N/A,N/A,N/A,N/A,N/A,N/A,0.15,0,0,0,0,175.61,N,2,0,N
*642863044267,B01A5TGCE8,"GREENIES Weight Management Treat-Pak-Petite Dog 12 Oz, Pack of 6",,,642863044267,Greenies,,,Pet Products,N/A,N/A,N/A,N/A,N/A,N/A,0.15,0,0,0,0,98.06,N,2,0,N
*642863044267,B000X9CX08,GREENIES Weight Management Dental Chews Petite Dog Treats - 12 oz. 20 Count,15.99,21235,21235,Greenies,,11997,Pet Products,1.06,1.95,1.00,0.04,0,4.05,0.15,7,2.1,8.6,1,11.12,Y,25,1,Y
*642863044267,B01A5THYRC,"GREENIES Weight Management Treat-Pak-Petite Dog 12 Oz, Pack of 2",,,642863044267,Greenies,,,Pet Products,N/A,N/A,N/A,N/A,N/A,N/A,0.15,0,0,0,0,46.43,N,2,0,N
*642863044267,B01BNN29A6,Greenies Lite Petite Dog Dental Chew 12oz 20ct,,,21235,Greenies,,51308,Pet Products,N/A,N/A,N/A,N/A,N/A,N/A,0.15,0,0,0,1,16.99,N,1,0,N
*642863044267,B01A5THKN0,"GREENIES Weight Management Treat-Pak-Petite Dog 12 Oz, Pack of 9",,,642863044267,Greenies,,,Pet Products,N/A,N/A,N/A,N/A,N/A,N/A,0.15,0,0,0,0,139.39,N,2,0,N
*642863044267,B01A5TF35M,"GREENIES Weight Management Treat-Pak-Petite Dog 12 Oz, Pack of 4",,,642863044267,Greenies,,,Pet Products,N/A,N/A,N/A,N/A,N/A,N/A,0.15,0,0,0,0,72.69,N,2,0,N
*642863044267,B01A5TJCWM,"GREENIES Weight Management Treat-Pak-Petite Dog 12 Oz, Pack of 3",,,642863044267,Greenies,,,Pet Products,N/A,N/A,N/A,N/A,N/A,N/A,0.15,0,0,0,0,60.31,N,2,0,N
*642863044274,B01A5TJDM6,"GREENIES Weight Management Treat-Pak-Teenie Dog 12 Oz, Pack of 3",,,642863044274,Greenies,,182154,Pet Products,N/A,N/A,N/A,N/A,N/A,N/A,0.15,0,0,0,0,58.35,N,2,0,N
*642863044274,B01BNN2L7M,Greenies Lite Teenie Dog Dental Chew 12oz 43ct,,,21236,Greenies,,127338,Pet Products,N/A,N/A,N/A,N/A,N/A,N/A,0.15,0,0,0,1,16.99,N,2,0,N
*642863044274,B01A5TGCV6,"GREENIES Weight Management Treat-Pak-Teenie Dog 12 Oz, Pack of 6",,,642863044274,Greenies,,,Pet Products,N/A,N/A,N/A,N/A,N/A,N/A,0.15,0,0,0,0,95.96,N,2,0,N
*642863044274,B000X9F2CO,GREENIES Weight Management Dental Chews TEENIE Dog Treats - 12 oz. 43 Count,15.99,21236,21236,Greenies,,1132,Pet Products,1.06,1.95,1.00,0.03,0,4.04,0.15,6.2,2.6,6.7,0.9,9.79,Y,25,2,Y
*642863044274,B01A5TF3SE,"GREENIES Weight Management Treat-Pak-Teenie Dog 12 Oz, Pack of 4",,,642863044274,Greenies,,,Pet Products,N/A,N/A,N/A,N/A,N/A,N/A,0.15,0,0,0,0,70.75,N,1,0,N
*642863044274,B01A5THZG2,"GREENIES Weight Management Treat-Pak-Teenie Dog 12 Oz, Pack of 2",,,642863044274,Greenies,,337241,Pet Products,N/A,N/A,N/A,N/A,N/A,N/A,0.15,0,0,0,0,44.75,N,2,0,N
*642863044274,B01A5THL98,"GREENIES Weight Management Treat-Pak-Teenie Dog 12 Oz, Pack of 9",,,642863044274,Greenies,,,Pet Products,N/A,N/A,N/A,N/A,N/A,N/A,0.15,0,0,0,0,133.44,N,1,0,N
*642863044274,B01A5TIZZC,"GREENIES Weight Management Treat-Pak-Teenie Dog 12 Oz, Pack of 12",,,642863044274,Greenies,,,Pet Products,N/A,N/A,N/A,N/A,N/A,N/A,0.15,0,0,0,0,168.28,N,2,0,N
*642863045394,B01A5TFAQY,3.2OZ SM Chick Pocket (Pack of 4),,,04539,Greenies,,,Pet Products,N/A,N/A,N/A,N/A,N/A,N/A,0.15,0,0,0,0,67.18,N,1,0,N
*642863045394,B014DBCNKG,"GREENIES Pill Pockets Treats for Dogs, Chicken, 30 Count",4.99,10085266,10085266,Greenies Pill Pockets®,,3117,Pantry,1.06,0.96,1.00,0.02,0,3.04,0.15,4.8,1.4,7.4,0.2,4.89,Y,1,0,N
*642863045394,B01A5THSKA,3.2OZ SM Chick Pocket (Pack of 9),,,04539,Greenies,,,Pet Products,N/A,N/A,N/A,N/A,N/A,N/A,0.15,0,0,0,0,133.9,N,1,0,N
*642863045394,B01A5TI7IC,3.2OZ SM Chick Pocket (Pack of 2),,,04539,Greenies,,,Pet Products,N/A,N/A,N/A,N/A,N/A,N/A,0.15,0,0,0,0,35.58,N,1,0,N
*642863045394,B01A5TJL2S,3.2OZ SM Chick Pocket (Pack of 3),,,04539,Greenies,,,Pet Products,N/A,N/A,N/A,N/A,N/A,N/A,0.15,0,0,0,0,50.24,N,1,0,N
*642863045394,B004UM7KXY,3.2OZ SM Chick Pocket,7.99,,04539,Ford,,206113,Pet Products,1.06,0.96,1.00,0.01,0,3.03,0.15,4.75,1,6,0.02,10.46,N,4,0,N
*642863045394,B001BS9P0Q,GREENIES PILL POCKETS Treats for Dogs Chicken - Tablet Size 3.2 oz. 30 Count,7.99,20958,20958,Greenies Pill Pockets®,Chicken,124,Pet Products,1.06,0.96,1.00,0.01,0,3.03,0.15,3.3,2,5.7,0.25,8.95,N,30,0,N
*642863045394,B00GXJ47I8,5PK Reg Tree Spike (Pack of 12),67.37,,01000,Easy Gardener,,524597,Lawn & Patio,N/A,N/A,N/A,N/A,N/A,N/A,0.15,0,0,0,0,52.03,N,3,0,N
*642863045813,B00DF22N0A,Greenies Pill Pockets Duck & Pea For Dogs (hides tablets) 25 ct2.6oz,,,40204581,S&m Nutec Llc,,401507,Pet Products,N/A,N/A,N/A,N/A,N/A,N/A,0.15,0,0,0,0,N/A,N,0,0,N
*642863045813,B00A3WPN34,Greenies Dog Pill Pockets Duck & Pea Flavor For Tablets 25/pk Case of 6,,,,Greenies,,292624,Pet Products,N/A,N/A,N/A,N/A,N/A,N/A,0.15,0,0,0,0,N/A,N,0,0,N
*642863045813,B003QT1088,GREENIES PILL POCKETS Allergy Formula Treats for Dogs Duck and Pea - Tablet Size 2.6 oz. 25 Count,4.99,10071746,10071746,Greenies Pill Pockets®,Duck,2374,Pet Products,1.06,0.96,1.00,0.01,0,3.03,0.15,3.2,1.5,5,0.2,4.89,N,23,0,Y
*642863045820,B01A5THRVU,"GREENIES Canine Pill Pockets Duck & Pea - Capsule 6.6 Oz Pouch, Pack of 9",,,642863045820,Greenies,,,Pet Products,N/A,N/A,N/A,N/A,N/A,N/A,0.15,0,0,0,0,N/A,N,0,0,N
*628244325897,B003E728CE,GREENIES PILL POCKETS Allergy Formula Dog Treats Duck and Pea - Capsule Size 6.6 oz. 25 Count,5.99,10071749,10071749,Greenies Pill Pockets®,Duck,1128,Pet Products,1.06,0.50,1.00,0.01,0,2.57,0.15,6,0.7,7.6,0.45,11.2,Y,31,1,N
*642863045820,B007UQ3V08,Greenies Dog Pill Pockets Duck & Pea Flavor For Capsules 25/pk Case of 6,,,,Greenies,,311404,Pet Products,N/A,N/A,N/A,N/A,N/A,N/A,0.15,1,1,1,0,N/A,N,0,0,N
*642863045820,B01A5TJ5CO,"GREENIES Canine Pill Pockets Duck & Pea - Capsule 6.6 Oz Pouch, Pack of 12",,,642863045820,Greenies,,,Pet Products,N/A,N/A,N/A,N/A,N/A,N/A,0.15,0,0,0,0,N/A,N,0,0,N
*642863045820,B014DBCWIO,"GREENIES Pill Pockets Allergy Formula Dog Treats, Duck and Pea, 25 Count",5.99,10071749,10071749,Greenies Pill Pockets®,,6575,Pantry,1.06,0.96,1.00,0.02,0,3.04,0.15,5.7,1.5,8.1,0.45,5.99,Y,1,0,N
*642863045820,B01A5TI6KQ,"GREENIES Canine Pill Pockets Duck & Pea - Capsule 6.6 Oz Pouch, Pack of 2",,,642863045820,Greenies,,,Pet Products,N/A,N/A,N/A,N/A,N/A,N/A,0.15,0,0,0,0,29.24,N,1,0,N
*642863045820,B00GXJHHEO,C D Ford & Sons 10055806-DISC 12OZ Teenie Treat Pack - Quantity 24,357.98,,10055806-DISC,Ford,,,Pet Products,4.09,10.64,0.00,0.77,0,15.50,0.15,14,13,17,23,N/A,N,0,0,N
*642863045820,B01A5TJKFG,"GREENIES Canine Pill Pockets Duck & Pea - Capsule 6.6 Oz Pouch, Pack of 3",,,642863045820,Greenies,,,Pet Products,N/A,N/A,N/A,N/A,N/A,N/A,0.15,0,0,0,0,N/A,N,0,0,N
*642863045820,B01A5TFA1Y,"GREENIES Canine Pill Pockets Duck & Pea - Capsule 6.6 Oz Pouch, Pack of 4",,,642863045820,Greenies,,,Pet Products,N/A,N/A,N/A,N/A,N/A,N/A,0.15,0,0,0,0,N/A,N,0,0,N
*642863046001,B014DBB0MI,"GREENIES Weight Management Dental Chews Teenie Dog Treats, 96 Count",34.99,10123895,,Greenies,,7789,Pantry,1.06,2.34,1.00,0.06,0,4.46,0.15,6.7,3.8,7.6,1.95,22.09,Y,1,0,N
*642863046001,B01A5TGDCO,"GREENIES Weight Management Treat Tub-Pak-Teenie Dog 27 Oz, Pack of 6",,,642863046001,Greenies,,,Pet Products,N/A,N/A,N/A,N/A,N/A,N/A,0.15,0,0,0,0,181.99,N,1,0,N
*642863046001,B002QWHJOU,GREENIES Weight Management Dental Chews TEENIE Dog Treats - 27 oz. 96 Count,34.99,10075560,10075560,Greenies,,62,Pet Products,1.06,2.34,1.00,0.07,0,4.47,0.15,6.8,4.1,7.5,1.95,25.99,Y,13,2,Y
*642863046001,B01A5THM0Q,"GREENIES Weight Management Treat Tub-Pak-Teenie Dog 27 Oz, Pack of 9",,,642863046001,Greenies,,,Pet Products,N/A,N/A,N/A,N/A,N/A,N/A,0.15,0,0,0,0,N/A,N,0,0,N
*642863046001,B01A5TF4RO,"GREENIES Weight Management Treat Tub-Pak-Teenie Dog 27 Oz, Pack of 4",,,642863046001,Greenies,,,Pet Products,N/A,N/A,N/A,N/A,N/A,N/A,0.15,0,0,0,0,125.52,N,1,0,N
*642863046001,B01A5TI01Q,"GREENIES Weight Management Treat Tub-Pak-Teenie Dog 27 Oz, Pack of 2",,,642863046001,Greenies,,,Pet Products,N/A,N/A,N/A,N/A,N/A,N/A,0.15,0,0,0,0,73.76,N,1,0,N
*642863046001,B01A5TJE7K,"GREENIES Weight Management Treat Tub-Pak-Teenie Dog 27 Oz, Pack of 3",,,642863046001,Greenies,,315885,Pet Products,N/A,N/A,N/A,N/A,N/A,N/A,0.15,0,0,0,0,100.64,N,1,0,N
*642863046001,B01D6AOHAO,Greenies Lite Teenie Dog Dental Chew 27 oz 96ct,,,10075560,Greenies,,98381,Pet Products,N/A,N/A,N/A,N/A,N/A,N/A,0.15,0,0,0,2.25,29.99,N,1,0,N
*642863046018,B014DB9K2K,"GREENIES Weight Management Dental Chews Petite Dog Treats, 45 Count",34.99,10075562,,Greenies,,7533,Pantry,1.06,3.12,1.00,0.07,0,5.25,0.15,6.7,4.3,7.7,3.89,23.09,Y,1,0,N
*642863046018,B01A5TGDQK,"GREENIES Weight Management Treat Tub-Pak-Petite Dog 27 Oz, Pack of 6",,,642863046018,Greenies,,,Pet Products,N/A,N/A,N/A,N/A,N/A,N/A,0.15,0,0,0,0,N/A,N,0,0,N
*642863046018,B002QWP8H0,"GREENIES® Weight Management Treat Tub-PakTM for Dogs-Petite, 27 ounce",34.99,10075562,10075562,Greenies,,659,Pet Products,1.06,2.34,1.00,0.06,0,4.46,0.15,6.7,3.8,7.6,1.95,23.09,Y,13,3,Y
*642863046018,B00KZKU1WW,Greenies Lite Dog Treats Petite 27oz 45ct,,,10075562,Greenies,,181618,Pet Products,N/A,N/A,N/A,N/A,N/A,N/A,0.15,0,0,0,2.25,29.99,N,2,0,N
*642863046018,B01A5THMNI,"GREENIES Weight Management Treat Tub-Pak-Petite Dog 27 Oz, Pack of 9",,,642863046018,Greenies,,,Pet Products,N/A,N/A,N/A,N/A,N/A,N/A,0.15,0,0,0,0,N/A,N,0,0,N
*642863046018,B01A5TF5EG,"GREENIES Weight Management Treat Tub-Pak-Petite Dog 27 Oz, Pack of 4",,,642863046018,Greenies,,196847,Pet Products,N/A,N/A,N/A,N/A,N/A,N/A,0.15,0,0,0,0,N/A,N,0,0,N
*642863046018,B01A5TJF0G,"GREENIES Weight Management Treat Tub-Pak-Petite Dog 27 Oz, Pack of 3",,,642863046018,Greenies,,,Pet Products,N/A,N/A,N/A,N/A,N/A,N/A,0.15,0,0,0,0,N/A,N,0,0,N
*642863046018,B01A5TI0P2,"GREENIES Weight Management Treat Tub-Pak-Petite Dog 27 Oz, Pack of 2",,,642863046018,Greenies,,526478,Pet Products,N/A,N/A,N/A,N/A,N/A,N/A,0.15,0,0,0,0,N/A,N,0,0,N
*642863046025,B002QWP89S,GREENIES Weight Management Dental Chews Regular Dog Treats - Treat TUB-PAK Package 27 oz. 27 Count,25.99,10075565,10075565,Greenies,,447,Pet Products,1.06,2.34,1.00,0.06,0,4.46,0.15,6.7,3.8,7.5,1.95,22.09,Y,14,2,Y
*642863046025,B01A5TGED2,"GREENIES Weight Management Treat Tub-Pak-Regular Dog 27 Oz, Pack of 6",,,642863046025,Greenies,,,Pet Products,N/A,N/A,N/A,N/A,N/A,N/A,0.15,0,0,0,0,181.02,N,1,0,N
*642863046025,B014DBAT2U,"GREENIES Weight Management Dental Chews Dog Treats, Regular, 27 Count",25.99,10075565,10075565,Greenies,,4152,Pantry,1.06,2.34,1.00,0.06,0,4.46,0.15,6.7,3.9,7.7,2,22.09,Y,1,0,N
*642863046025,B01A5THNGE,"GREENIES Weight Management Treat Tub-Pak-Regular Dog 27 Oz, Pack of 9",,,642863046025,Greenies,,,Pet Products,N/A,N/A,N/A,N/A,N/A,N/A,0.15,0,0,0,0,N/A,N,0,0,N
*642863046025,B01A5TF618,"GREENIES Weight Management Treat Tub-Pak-Regular Dog 27 Oz, Pack of 4",,,642863046025,Greenies,,,Pet Products,N/A,N/A,N/A,N/A,N/A,N/A,0.15,0,0,0,0,126.03,N,1,0,N
*642863046025,B01A5TJFPQ,"GREENIES Weight Management Treat Tub-Pak-Regular Dog 27 Oz, Pack of 3",,,642863046025,Greenies,,,Pet Products,N/A,N/A,N/A,N/A,N/A,N/A,0.15,0,0,0,0,101.65,N,1,0,N
*642863046025,B01A5TI1LK,"GREENIES Weight Management Treat Tub-Pak-Regular Dog 27 Oz, Pack of 2",,,642863046025,Greenies,,,Pet Products,N/A,N/A,N/A,N/A,N/A,N/A,0.15,0,0,0,0,74.31,N,1,0,N
*642863046032,B01A5THO40,"GREENIES Weight Management Treat Tub-Pak-Large Dog 27 Oz, Pack of 9",,,642863046032,Greenies,,,Pet Products,N/A,N/A,N/A,N/A,N/A,N/A,0.15,0,0,0,0,265.35,N,1,0,N
*642863046032,B014DBAK2Y,"GREENIES Weight Management Dental Chews Dog Treats, Large, 17 Count",34.49,10123901,,Greenies,,13448,Pantry,1.06,2.34,1.00,0.06,0,4.46,0.15,6.8,3.8,7.7,2,24.29,Y,1,0,N
*642863046032,B01A5TI2FU,"GREENIES Weight Management Treat Tub-Pak-Large Dog 27 Oz, Pack of 2",,,642863046032,Greenies,,,Pet Products,N/A,N/A,N/A,N/A,N/A,N/A,0.15,0,0,0,0,74.65,N,1,0,N
*642863046032,B01A5TJGEG,"GREENIES Weight Management Treat Tub-Pak-Large Dog 27 Oz, Pack of 3",,,642863046032,Greenies,,,Pet Products,N/A,N/A,N/A,N/A,N/A,N/A,0.15,0,0,0,0,102.17,N,1,0,N
*642863046032,B002QWLC98,GREENIES Weight Management Dental Chews Large Dog Treats - Treat TUB-PAK Package 27 oz. 17 Count,25.99,10075567,10075567,Greenies,,1043,Pet Products,1.06,2.34,1.00,0.07,0,4.47,0.15,7,4.1,7.6,2.05,24.29,Y,16,2,Y
*642863046032,B01D6AOK10,Greenies Lite Large Dog Dental Chew 27oz 17ct,,,10075567,Greenies,,,Pet Products,N/A,N/A,N/A,N/A,N/A,N/A,0.15,0,0,0,2.25,29.99,N,1,0,N
*642863046032,B01A5TF6N6,"GREENIES Weight Management Treat Tub-Pak-Large Dog 27 Oz, Pack of 4",,,642863046032,Greenies,,,Pet Products,N/A,N/A,N/A,N/A,N/A,N/A,0.15,0,0,0,0,130.79,N,1,0,N
*642863046032,B01A5TGEW8,"GREENIES Weight Management Treat Tub-Pak-Large Dog 27 Oz, Pack of 6",,,642863046032,Greenies,,,Pet Products,N/A,N/A,N/A,N/A,N/A,N/A,0.15,0,0,0,0,182.86,N,1,0,N
*642863101007,B014DBBP0U,"GREENIES Dental Chews Teenie Treats for Dogs, 130 Count",39.99,10096451,,Greenies,,2467,Pantry,1.06,2.34,1.00,0.11,0,4.51,0.15,7.7,5.6,8.4,2.7,21.39,Y,1,0,N
*642863101007,B01A5TI354,"GREENIES Dental Chews Value Tub 36 Oz Teenie Dog, Pack of 2",,,642863101007,Greenies,,303205,Pet Products,N/A,N/A,N/A,N/A,N/A,N/A,0.15,0,0,0,0,122.0,N,1,0,N
*642863101007,B01A5TJ1YQ,"GREENIES Dental Chews Value Tub 36 Oz Teenie Dog, Pack of 12",,,642863101007,Greenies,,,Pet Products,N/A,N/A,N/A,N/A,N/A,N/A,0.15,0,0,0,0,N/A,N,0,0,N
*642863101007,B01A5TF76C,"GREENIES Dental Chews Value Tub 36 Oz Teenie Dog, Pack of 4",,,642863101007,Greenies,,,Pet Products,N/A,N/A,N/A,N/A,N/A,N/A,0.15,0,0,0,0,N/A,N,0,0,N
*642863101007,B006W6YHYQ,GREENIES Dental Chews TEENIE Treats for Dogs - Value Tub 36 oz. 130 Count,31.99,10096451,10096451,Greenies,Teenie,10,Pet Products,1.06,2.34,1.00,0.11,0,4.51,0.15,7.8,5.4,8.2,2.65,21.39,Y,26,2,Y
*642863101007,B01A5TGFGS,"GREENIES Dental Chews Value Tub 36 Oz Teenie Dog, Pack of 6",,,642863101007,Greenies,,,Pet Products,N/A,N/A,N/A,N/A,N/A,N/A,0.15,0,0,0,0,257.99,N,1,0,N
*642863101007,B00AYI0YMW,GREENIES Dental Chews Value Size Tub 36oz Teenie - Case of 5,,,37147,Greenies,,383829,Pet Products,N/A,N/A,N/A,N/A,N/A,N/A,0.15,0,0,0,0,193.58,N,2,0,N
*642863101007,B01A5TJH5Y,"GREENIES Dental Chews Value Tub 36 Oz Teenie Dog, Pack of 3",,,642863101007,Greenies,,,Pet Products,N/A,N/A,N/A,N/A,N/A,N/A,0.15,0,0,0,0,N/A,N,0,0,N
*642863101007,B01A5THOTU,"GREENIES Dental Chews Value Tub 36 Oz Teenie Dog, Pack of 9",,,642863101007,Greenies,,,Pet Products,N/A,N/A,N/A,N/A,N/A,N/A,0.15,0,0,0,0,387.99,N,1,0,N
*642863101021,B01A5TI3RC,"GREENIES Dental Chews Value Tub 36 Oz Petite Dog, Pack of 2",,,642863101021,Greenies,,96038,Pet Products,N/A,N/A,N/A,N/A,N/A,N/A,0.15,0,0,0,0,87.17,N,2,0,N
*642863101021,B00AEGE70Y,GREENIES Dental Chews Value Size Tub 36oz Petite - Case of 5,,,,Greenies,,526233,Pet Products,N/A,N/A,N/A,N/A,N/A,N/A,0.15,0,0,0,0,193.58,N,2,0,N
*642863101021,B01A5THPIA,"GREENIES Dental Chews Value Tub 36 Oz Petite Dog, Pack of 9",,,642863101021,Greenies,,,Pet Products,N/A,N/A,N/A,N/A,N/A,N/A,0.15,0,0,0,0,314.2,N,1,0,N
*642863101021,B01A5TJ2PO,"GREENIES Dental Chews Value Tub 36 Oz Petite Dog, Pack of 12",,,642863101021,Greenies,,,Pet Products,N/A,N/A,N/A,N/A,N/A,N/A,0.15,0,0,0,0,414.14,N,1,0,N
*642863101021,B014DBBXV6,"GREENIES Dental Chews Petite Treats for Dogs, 60 Count",39.99,10096453,,Greenies,,3536,Pantry,1.06,2.34,1.00,0.11,0,4.51,0.15,7.8,5.6,8.3,2.7,21.39,Y,1,0,N
*795871475131,B006W6YHRS,GREENIES Dental Chews Petite Treats for Dogs - Value Tub 36 oz. 60 Count,40.49,10096453,10096453,Greenies,Petite,13,Pet Products,1.06,2.73,1.00,0.11,0,4.90,0.15,7.9,5.4,8.4,3.15,21.39,Y,33,3,Y
*642863101021,B01D6AOMWM,Petite Greenies Dog Dental Chew Treats 36oz 60ct,,,10096453,Greenies,,152626,Pet Products,N/A,N/A,N/A,N/A,N/A,N/A,0.15,0,0,0,3,N/A,N,0,0,N
*642863101021,B01A5TJHRC,"GREENIES Dental Chews Value Tub 36 Oz Petite Dog, Pack of 3",,,642863101021,Greenies,,551674,Pet Products,N/A,N/A,N/A,N/A,N/A,N/A,0.15,0,0,0,0,115.72,N,2,0,N
*642863101021,B01A5TGG1M,"GREENIES Dental Chews Value Tub 36 Oz Petite Dog, Pack of 6",,,642863101021,Greenies,,,Pet Products,N/A,N/A,N/A,N/A,N/A,N/A,0.15,0,0,0,0,215.96,N,1,0,N
*642863101021,B01A5TF7XK,"GREENIES Dental Chews Value Tub 36 Oz Petite Dog, Pack of 4",,,642863101021,Greenies,,,Pet Products,N/A,N/A,N/A,N/A,N/A,N/A,0.15,0,0,0,0,155.13,N,1,0,N
*642863101045,B01A5THQ3O,"GREENIES Dental Chews Value Tub 36 Oz Regular Dog, Pack of 9",,,642863101045,Greenies,,558802,Pet Products,N/A,N/A,N/A,N/A,N/A,N/A,0.15,0,0,0,0,313.69,N,2,0,N
*642863101045,B01DA5V8FM,Greenies Dog Dental Chew Treats Regular 36oz 36ct,,,10096455,Greenies,,,Pet Products,N/A,N/A,N/A,N/A,N/A,N/A,0.15,0,0,0,3,N/A,N,0,0,N
*642863101045,B014DBB9JW,"GREENIES Dental Chews Regular Treats for Dogs, 36 Count",34.15,10096455,,Greenies,,1618,Pantry,1.06,2.34,1.00,0.11,0,4.51,0.15,7.9,5.3,8.3,2.55,21.39,Y,1,0,N
*642863101045,B01A5TF8H0,"GREENIES Dental Chews Value Tub 36 Oz Regular Dog, Pack of 4",,,642863101045,Greenies,,58201,Pet Products,N/A,N/A,N/A,N/A,N/A,N/A,0.15,0,0,0,0,125.95,N,3,0,N
*642863101045,B01A5TI4KI,"GREENIES Dental Chews Value Tub 36 Oz Regular Dog, Pack of 2",,,642863101045,Greenies,,,Pet Products,N/A,N/A,N/A,N/A,N/A,N/A,0.15,0,0,0,0,87.17,N,1,0,N
*642863101045,B006W6YHHI,GREENIES Dental Chews Regular Treats for Dogs - Value Tub 36 oz. 36 Count,31.99,10096455,10096455,Greenies,Regular,15,Pet Products,1.06,2.34,1.00,0.11,0,4.51,0.15,7.8,5.3,8.2,2.55,21.39,Y,23,2,Y
*642863101045,B00AEGE7HM,GREENIES Dental Chews Value Size Tub 36oz Regular - Case of 5,,,37148,Greenies,,336204,Pet Products,N/A,N/A,N/A,N/A,N/A,N/A,0.15,0,0,0,0,193.58,N,3,0,N
*642863101045,B01A5TJ3EE,"GREENIES Dental Chews Value Tub 36 Oz Regular Dog, Pack of 12",,,642863101045,Greenies,,,Pet Products,N/A,N/A,N/A,N/A,N/A,N/A,0.15,0,0,0,0,413.65,N,2,0,N
*642863101045,B01A5TJIL2,"GREENIES Dental Chews Value Tub 36 Oz Regular Dog, Pack of 3",,,642863101045,Greenies,,,Pet Products,N/A,N/A,N/A,N/A,N/A,N/A,0.15,0,0,0,0,115.24,N,1,0,N
*642863101045,B01A5TGGHG,"GREENIES Dental Chews Value Tub 36 Oz Regular Dog, Pack of 6",,,642863101045,Greenies,,,Pet Products,N/A,N/A,N/A,N/A,N/A,N/A,0.15,0,0,0,0,215.7,N,1,0,N
*642863101069,B014DBAB2S,"GREENIES Dental Chews Treats for Dogs, Large, 24 Count",39.99,10096457,10096457,Greenies,,2205,Pantry,1.06,2.34,1.00,0.11,0,4.51,0.15,7.8,5.3,8.2,2.75,21.39,Y,1,0,N
*642863101069,B01A5TI57K,Greenies Canister 36oz Large 24ct (Pack of 2),,,642863101069,Greenies,,,Pet Products,N/A,N/A,N/A,N/A,N/A,N/A,0.15,0,0,0,0,85.5,N,4,0,N
*642863101069,B01A5TF91U,"GREENIES Dental Chews Value Tub 36 Oz Large Dog, Pack of 4",,,642863101069,Greenies,,,Pet Products,N/A,N/A,N/A,N/A,N/A,N/A,0.15,0,0,0,0,125.95,N,3,0,N
*642863101069,B00FYD46SK,Greenies Dental Chews for Dogs: Large 5 Long 24 Treats,,,642863101069,Greenies,,,Health and Beauty,N/A,N/A,N/A,N/A,N/A,N/A,0.15,0,0,0,2.85,N/A,N,0,0,N
*642863101069,B006W6YHV4,GREENIES Dental Chews Large Treats for Dogs - Value Tub 36 oz. 24 Count,31.99,10096457,10096457,Greenies,Large,25,Pet Products,1.06,2.34,1.00,0.11,0,4.51,0.15,7.8,5.3,8.2,2.75,21.39,Y,29,2,Y
*642863101069,B01A5TJ47U,"GREENIES Dental Chews Value Tub 36 Oz Large Dog, Pack of 12",,,642863101069,Greenies,,,Pet Products,N/A,N/A,N/A,N/A,N/A,N/A,0.15,0,0,0,0,595.98,N,2,0,N
*642863101069,B01D6AOJ9I,Greenies Dog Dental Chew Treats Large 36oz 24ct,,,10096457,Greenies,,,Pet Products,N/A,N/A,N/A,N/A,N/A,N/A,0.15,0,0,0,3,N/A,N,0,0,N
*642863101069,B01A5TJJ7U,Greenies Canister 36oz Large 24ct (Pack of 3),,,642863101069,Greenies,,,Pet Products,N/A,N/A,N/A,N/A,N/A,N/A,0.15,0,0,0,0,115.5,N,4,0,N
*642863101069,B01A5THQNE,"GREENIES Dental Chews Value Tub 36 Oz Large Dog, Pack of 9",,,642863101069,Greenies,,,Pet Products,N/A,N/A,N/A,N/A,N/A,N/A,0.15,0,0,0,0,437.98,N,2,0,N
*642863101069,B00AEGE7VS,GREENIES Dental Chews Value Size Tub 36oz Large - Case of 5,,,,Greenies,,367062,Pet Products,N/A,N/A,N/A,N/A,N/A,N/A,0.15,0,0,0,0,193.58,N,1,0,N
*642863101069,B01A5TGGVW,"GREENIES Dental Chews Value Tub 36 Oz Large Dog, Pack of 6",,,642863101069,Greenies,,,Pet Products,N/A,N/A,N/A,N/A,N/A,N/A,0.15,0,0,0,0,299.9,N,2,0,N
*642863101250,B01A5THTZE,"GREENIES Dog Tablet Pill Pockets Hickory Smoke 3.2 Oz.�, Pack of 9",,,642863101250,Greenies,,,Pet Products,N/A,N/A,N/A,N/A,N/A,N/A,0.15,0,0,0,0,N/A,N,0,0,N
*642863101250,B01A5TJ78Q,"GREENIES Dog Tablet Pill Pockets Hickory Smoke 3.2 Oz.�, Pack of 12",,,642863101250,Greenies,,,Pet Products,N/A,N/A,N/A,N/A,N/A,N/A,0.15,0,0,0,0,N/A,N,0,0,N
*642863101250,B008GRONTI,GREENIES PILL POCKETS Treats for Dogs Hickory Smoke - Tablet Size 3.2 oz. 30 Count,4.99,10100649,10100649,Greenies Pill Pockets®,Hickory Smoke,2689,Pet Products,1.06,0.96,1.00,0.01,0,3.03,0.15,4.8,1,7.5,0.2,4.99,N,28,0,Y
*642863101250,B014DBFLAA,"GREENIES Pill Pockets Treats for Dogs, Hickory Smoke, 30 Count",4.99,10100649,10100649,Greenies Pill Pockets®,,2079,Pantry,1.06,0.96,1.00,0.02,0,3.04,0.15,4.9,1.7,7.4,0.25,4.99,Y,1,0,N
*642863101250,B01A5TFC4O,"GREENIES Dog Tablet Pill Pockets Hickory Smoke 3.2 Oz.�, Pack of 4",,,642863101250,Greenies,,,Pet Products,N/A,N/A,N/A,N/A,N/A,N/A,0.15,0,0,0,0,44.99,N,1,0,N
*642863101250,B01A5TJMCC,"GREENIES Dog Tablet Pill Pockets Hickory Smoke 3.2 Oz.�, Pack of 3",,,642863101250,Greenies,,,Pet Products,N/A,N/A,N/A,N/A,N/A,N/A,0.15,0,0,0,0,30.88,N,2,0,N
*642863101250,B008HRUEHM,Greenies Canine Pill Pockets Hickory Smoke Tablet 30/pk - 6 Pack,47.94,,ZT955 03 37,Greenies,,6928,Pet Products,1.06,2.34,1.00,0.12,0,4.52,0.15,7.2,5.7,9,1.7,37.09,Y,8,2,N
*642863101250,B01A5TI8GS,"GREENIES Dog Tablet Pill Pockets Hickory Smoke 3.2 Oz.�, Pack of 2",,,642863101250,Greenies,,,Pet Products,N/A,N/A,N/A,N/A,N/A,N/A,0.15,0,0,0,0,24.46,N,2,0,N
*642863101281,B00PCPIL9K,"Pill Pocket Dog Treats, Capsule, Peanut Butter, 7.9-oz. - Quantity 6",53.94,,10100655,Ford,,99217,Pet Products,1.06,0.96,1.00,0.03,0,3.05,0.15,5.5,2,9.8,0.6,51.86,Y,5,1,N
*642863101281,B01A5TIADE,"GREENIES Dog Capsule Pill Pockets Peanut Butter 7.9Oz�, Pack of 2",,,642863101281,Greenies,,252546,Pet Products,N/A,N/A,N/A,N/A,N/A,N/A,0.15,0,0,0,0,28.99,N,3,0,N
*642863101281,B008GRONV6,GREENIES PILL POCKETS Treats for Dogs Real Peanut Butter Flavor - Capsule Size 7.9 oz. 30 Count,9.99,10100655,10100655,Greenies Pill Pockets®,Peanut Butter,859,Pet Products,1.06,0.96,1.00,0.02,0,3.04,0.15,4.6,1.9,8,0.25,7.99,N,35,0,N
*642863101281,B014DBDM9W,"GREENIES Pill Pockets Treats for Dogs, Real Peanut Butter, 30 Count",5.99,10100655,10100655,Greenies Pill Pockets®,,5574,Pantry,1.06,0.96,1.00,0.03,0,3.05,0.15,5.7,1.8,8.3,0.5,5.99,Y,1,0,N
*642863101281,B01A5THVY8,7.9OZ PeanButter Tablet (Pack of 9),,,10128,Greenies,,,Pet Products,N/A,N/A,N/A,N/A,N/A,N/A,0.15,0,0,0,0,137.69,N,3,0,N
*642863101281,B01A5TFDMA,7.9OZ PeanButter Tablet (Pack of 4),,,10128,Greenies,,,Pet Products,N/A,N/A,N/A,N/A,N/A,N/A,0.15,0,0,0,0,71.99,N,3,0,N
*642863101281,B01A5TJOBQ,7.9OZ PeanButter Tablet (Pack of 3),,,10128,Greenies,,,Pet Products,N/A,N/A,N/A,N/A,N/A,N/A,0.15,0,0,0,0,57.86,N,3,0,N
*642863101281,B01A5TJ9CA,7.9OZ PeanButter Tablet (Pack of 12),,,10128,Greenies,,,Pet Products,N/A,N/A,N/A,N/A,N/A,N/A,0.15,0,0,0,0,184.61,N,3,0,N
*642863101397,B00UIKEI6E,Feline Greenies Smartbites Hairball Control Cat Treats - Chicken Flavor - 2.1 Oz. (3 Pack),,,36837,Nutro,,200389,Pet Products,1.06,0.96,1.00,0.02,0,3.04,0.15,6.1,1.5,8,0.5,N/A,N,1,1,N
*642863101397,B014DBE9DA,"GREENIES SmartBites Hairball Control Treats for Cats, Chicken, 2.1 Ounce",1.99,10100945,10100945,Greenies Feline,,4316,Pantry,1.06,0.50,1.00,0.00,0,2.56,0.15,4.3,0.5,5.9,0.1,1.99,Y,1,0,N
*642863101397,B008FXKOKK,FELINE GREENIES SMARTBITES Hairball Control Treats for Cats Chicken Flavor - 2.1 oz.,2.99,10100945,10100945,Greenies Feline,Chicken,78,Pet Products,1.06,0.96,1.00,0.02,0,3.04,0.15,5.8,1.4,7.3,0.15,1.99,N,28,0,Y
*642863101397,B01A5TFM58,"GREENIES Smartbites Hairball Control Chicken - 2.1 Oz, Pack of 4",,,642863101397,Greenies,,115581,Pet Products,N/A,N/A,N/A,N/A,N/A,N/A,0.15,0,0,0,0,18.87,N,5,0,N
*642863101397,B008HRVWB4,Greenies Feline SMARTBITES Hairball Control Chicken 2.1oz - 6 Pack,,,GR0959 02 25,Greenies,,7366,Pet Products,1.06,1.95,1.00,0.04,0,4.05,0.15,7.9,2.2,7.9,0.85,14.97,Y,10,6,N
*642863101397,B01A5TJK5G,"GREENIES Smartbites Hairball Control Chicken - 2.1 Oz, Pack of 12",,,642863101397,Greenies,,,Pet Products,N/A,N/A,N/A,N/A,N/A,N/A,0.15,0,0,0,0,38.69,N,4,0,N
*642863101397,B01A5TI8BI,"GREENIES Smartbites Hairball Control Chicken - 2.1 Oz, Pack of 9",,,642863101397,Greenies,,,Pet Products,N/A,N/A,N/A,N/A,N/A,N/A,0.15,0,0,0,0,34.56,N,4,0,N
*642863101403,B008FXKOI2,FELINE GREENIES SMARTBITES Hairball Control Treats for Cats Tuna Flavor - 2.1 oz.,2.99,10100948,10100948,Greenies Feline,Tuna,382,Pet Products,1.06,0.96,1.00,0.01,0,3.03,0.15,2.6,1.2,7,0.1,2.19,N,23,0,Y
*642863101403,B01A5TI912,"GREENIES Smartbites Hairball Control Tuna - 2.1 Oz, Pack of 9",,,642863101403,Greenies,,,Pet Products,N/A,N/A,N/A,N/A,N/A,N/A,0.15,0,0,0,0,34.56,N,1,0,N
*642863101403,B01A5TK0V4,"GREENIES Smartbites Hairball Control Tuna - 2.1 Oz, Pack of 3",,,642863101403,Greenies,,141360,Pet Products,N/A,N/A,N/A,N/A,N/A,N/A,0.15,0,0,0,0,9.99,N,2,0,N
*642863101403,B00GY822S0,"C D Ford & Sons 10100948 Feline Smartbites Cat Treats, Tuna, Hairball Control, 2.1-oz. - Quantity 10",24.9,,10100948,Ford,,326362,Pet Products,1.06,2.34,1.00,0.13,0,4.53,0.15,10.2,3.2,12.5,1.75,41.12,N,5,0,N
*642863101403,B014DBF5ZG,"GREENIES SmartBites Hairball Control Treats for Cats, Tuna, 2.1 Ounce",1.99,10100948,10100948,Greenies Feline,,2543,Pantry,1.06,0.96,1.00,0.01,0,3.03,0.15,4.6,1.4,7,0.15,1.99,Y,1,0,N
*642863101403,B00FDUUKQG,Smartbite Hairball Tuna Cat Treat,,,642863101403,Greenies,Blues & Purples,499766,Pet Products,N/A,N/A,N/A,N/A,N/A,N/A,0.15,0,0,0,0,N/A,N,0,0,N
*642863101403,B01A5TFMSA,"GREENIES Smartbites Hairball Control Tuna - 2.1 Oz, Pack of 4",,,642863101403,Greenies,,,Pet Products,N/A,N/A,N/A,N/A,N/A,N/A,0.15,0,0,0,0,21.17,N,1,0,N
*642863101403,B01A5TGSDI,"GREENIES Smartbites Hairball Control Tuna - 2.1 Oz, Pack of 6",,,642863101403,Greenies,,,Pet Products,N/A,N/A,N/A,N/A,N/A,N/A,0.15,0,0,0,0,27.38,N,1,0,N
*642863101403,B01A5TJKUQ,"GREENIES Smartbites Hairball Control Tuna - 2.1 Oz, Pack of 12",,,642863101403,Greenies,,,Pet Products,N/A,N/A,N/A,N/A,N/A,N/A,0.15,0,0,0,0,43.4,N,1,0,N
*642863101410,B00GY5YIO4,"C D Ford & Sons 10100950 Feline Smartbites Cat Treats, Chicken, Skin & Fur, 2.1-oz. - Quantity 10",24.9,,10100950,Ford,,529505,Pet Products,4.09,4.01,0.00,0.24,0,8.34,0.15,9,9,12,3,31.76,N,2,0,N
*642863101410,B01A5TFNBQ,"GREENIES Smartbites Skin & Fur Chicken - 2.1 Oz, Pack of 4",,,642863101410,Greenies,,,Pet Products,N/A,N/A,N/A,N/A,N/A,N/A,0.15,0,0,0,0,20.58,N,2,0,N
*642863101410,B01A5TJLGO,Green 2.1OZ Chick Treat (Pack of 12),,,10141,Greenies,,,Pet Products,N/A,N/A,N/A,N/A,N/A,N/A,0.15,0,0,0,0,37.67,N,2,0,N
*642863101410,B008FXKOK0,FELINE GREENIES SMARTBITES Healthy Skin and Fur Treats for Cats Chicken Flavor - 2.1 oz.,2.99,10100950,10100950,Greenies Feline,Chicken,805,Pet Products,1.06,0.50,1.00,0.01,0,2.57,0.15,4.3,0.6,6.9,0.15,1.95,N,25,0,Y
*642863101410,B014DBG9MO,"GREENIES SmartBites Healthy Skin and Fur Treats for Cats, Chicken, 2.1 Ounce",1.99,10100950,10100950,Greenies Feline,,3305,Pantry,1.06,0.96,1.00,0.01,0,3.03,0.15,4.6,1.2,7.2,0.15,1.95,Y,1,0,N
*642863101410,B01A5TI9OE,"GREENIES Smartbites Skin & Fur Chicken - 2.1 Oz, Pack of 9",,,642863101410,Greenies,,,Pet Products,N/A,N/A,N/A,N/A,N/A,N/A,0.15,0,0,0,0,34.56,N,3,0,N
*642863101410,B01A5TGSUG,"GREENIES Smartbites Skin & Fur Chicken - 2.1 Oz, Pack of 6",,,642863101410,Greenies,,,Pet Products,N/A,N/A,N/A,N/A,N/A,N/A,0.15,0,0,0,0,27.38,N,2,0,N
*642863101410,B01A5TK1HM,"GREENIES Smartbites Skin & Fur Chicken - 2.1 Oz, Pack of 3",,,642863101410,Greenies,,,Pet Products,N/A,N/A,N/A,N/A,N/A,N/A,0.15,0,0,0,0,16.66,N,2,0,N
*642863101410,B00IV6M9B8,Greenies Feline SmartBites Healthy Skin and Fur Chicken -- 2.1 oz,3.99,,37898,Greenies,,922052,Health and Beauty,N/A,N/A,N/A,N/A,N/A,N/A,0.15,0,0,0,0,N/A,N,1,0,N
*642863101427,B008VDNOY2,Feline Greenies Salmon SmartBites Skin & Fur 2.1 oz,,,37836,Greenies,,173094,Pet Products,1.06,0.50,1.00,0.00,0,2.56,0.15,4.5,0.5,4.8,0.15,7.64,Y,3,1,N
*642863101427,B01A5TIAIO,"GREENIES Smartbites� Skin & Fur Salmon - 2.1 Oz, Pack of 9",,,642863101427,Greenies,,,Pet Products,N/A,N/A,N/A,N/A,N/A,N/A,0.15,0,0,0,0,34.56,N,2,0,N
*642863101427,B00IV6MDCS,Greenies Feline SmartBites Healthy Skin and Fur Salmon -- 2.1 oz,3.99,,,Greenies,,,Health and Beauty,N/A,N/A,N/A,N/A,N/A,N/A,0.15,0,0,0,0,N/A,N,0,0,N
*642863101427,B008FXKOP0,FELINE GREENIES SMARTBITES Healthy Skin and Fur Treats for Cats Salmon Flavor - 2.1 oz.,2.99,10100953,10100953,Greenies Feline,Salmon,634,Pet Products,1.06,0.96,1.00,0.01,0,3.03,0.15,3.3,2,7,0.15,1.99,N,21,0,Y
*642863101427,B01A5TK26C,Greenies Feline Smrtbite Skn&Fur Salm 2oz (Pack of 3),,,642863101427,Greenies,,,Pet Products,N/A,N/A,N/A,N/A,N/A,N/A,0.15,0,0,0,0,16.0,N,4,0,N
*642863101427,B008HRYQJ4,Greenies Feline SMARTBITES Skin & Fur Salmon 2.1oz - 6 Pack,,,GR0957 02 52,Greenies,,13145,Pet Products,1.06,1.95,1.00,0.06,0,4.07,0.15,6.7,3.3,9.3,1.15,15.15,Y,11,5,N
*642863101427,B01A5TJLZU,"GREENIES Smartbites� Skin & Fur Salmon - 2.1 Oz, Pack of 12",,,642863101427,Greenies,,,Pet Products,N/A,N/A,N/A,N/A,N/A,N/A,0.15,0,0,0,0,43.4,N,2,0,N
*642863101427,B01A5TFNZC,"GREENIES Smartbites� Skin & Fur Salmon - 2.1 Oz, Pack of 4",,,642863101427,Greenies,,,Pet Products,N/A,N/A,N/A,N/A,N/A,N/A,0.15,0,0,0,0,20.58,N,2,0,N
*642863101434,B01A5TFONS,"GREENIES Smartbites Digestive Care Salmon - 2.1 Oz, Pack of 4",,,642863101434,Greenies,,,Pet Products,N/A,N/A,N/A,N/A,N/A,N/A,0.15,0,0,0,0,N/A,N,0,0,N
*642863101434,B014DBFCVS,"GREENIES SmartBites Digestive Care Treats for Cats, Salmon, 2.1 Ounce",1.99,10100955,10100955,Greenies Feline,,14971,Pantry,1.06,0.96,1.00,0.01,0,3.03,0.15,4.6,0.9,7.1,0.15,N/A,N,0,0,N
*642863101434,B01A5TIB56,"GREENIES Smartbites Digestive Care Salmon - 2.1 Oz, Pack of 9",,,642863101434,Greenies,,,Pet Products,N/A,N/A,N/A,N/A,N/A,N/A,0.15,0,0,0,0,N/A,N,0,0,N
*642863101434,B008HRZI5U,Greenies Smartbite flavor - Salmon - 6 pack,17.94,,GR0955 02 52,HDP,,97137,Pet Products,1.06,1.95,1.00,0.05,0,4.06,0.15,7.1,2.9,7.7,0.9,N/A,N,0,0,N
*642863101434,B01A5TIO1M,"GREENIES Smartbites Digestive Care Salmon - 2.1 Oz, Pack of 2",,,642863101434,Greenies,,,Pet Products,N/A,N/A,N/A,N/A,N/A,N/A,0.15,0,0,0,0,N/A,N,0,0,N
*642863101434,B00GY6DUVK,"C D Ford & Sons 10100955 Feline Smartbites Cat Treats, Salmon, Digestive Care, 2.1-oz. - Quantity 10",24.9,,10100955,Ford,,383658,Pet Products,4.09,4.01,0.00,0.24,0,8.34,0.15,9,9,12,3,N/A,N,0,0,N
*642863101434,B01A5TJMKE,"GREENIES Smartbites Digestive Care Salmon - 2.1 Oz, Pack of 12",,,642863101434,Greenies,,,Pet Products,N/A,N/A,N/A,N/A,N/A,N/A,0.15,0,0,0,0,N/A,N,0,0,N
*642863101434,B008FXKOKA,FELINE GREENIES SMARTBITES Digestive Care Treats for Cats Salmon Flavor - 2.1 oz.,2.99,10100955,10100955,Greenies Feline,Salmon,28413,Pet Products,1.06,0.96,1.00,0.01,0,3.03,0.15,4.5,1,7,0.15,N/A,N,0,0,N
*642863101434,B01A5TK2Q2,"GREENIES Smartbites Digestive Care Salmon - 2.1 Oz, Pack of 3",,,642863101434,Greenies,,,Pet Products,N/A,N/A,N/A,N/A,N/A,N/A,0.15,0,0,0,0,N/A,N,0,0,N
*642863101533,B01A5TJPOC,3OZ Chick Fel Greenies (Pack of 3),,,10153,Greenies,,,Pet Products,N/A,N/A,N/A,N/A,N/A,N/A,0.15,0,0,0,0,15.27,N,3,0,N
*642863101533,B008PNN7B8,FELINE GREENIES Dental Treats for Cats Oven Roasted Chicken - 2.5 oz.,2.99,10101551,10101551,Greenies Feline,,4631,Pet Products,1.06,0.96,1.00,0.01,0,3.03,0.15,5,1.3,5.2,0.15,1.99,N,23,0,Y
*642863101533,B00E4WXMNW,3OZ Chick Fel Greenies (Pack of 6),,,10153,Greenies,,697230,Pet Products,1.06,2.34,1.00,0.12,0,4.52,0.15,10.3,3.1,12.5,1.4,19.89,N,3,0,N
*642863101533,B00GY93V2U,3OZ Chick Fel Greenies (Pack of 10),31.9,,10153,Ford,,,Pet Products,4.09,4.01,0.00,0.24,0,8.34,0.15,9,9,12,3,34.73,N,2,0,N
*642863101533,B00QYCKGUW,3OZ Chick Fel Greenies (Pack of 5),0.0,,10153,Ford,,1793426,Sports,1.06,1.95,1.00,0.07,0,4.08,0.15,6.4,4.3,7.7,0.9,37.84,N,1,0,N
*642863101533,B01A5THXRS,3OZ Chick Fel Greenies (Pack of 9),,,10153,Greenies,,,Pet Products,N/A,N/A,N/A,N/A,N/A,N/A,0.15,0,0,0,0,63.9,N,2,0,N
*642863101533,B01A5TFEUG,3OZ Chick Fel Greenies (Pack of 4),,,10153,Greenies,,,Pet Products,N/A,N/A,N/A,N/A,N/A,N/A,0.15,0,0,0,0,31.46,N,2,0,N
*642863101533,B01A5TJARO,3OZ Chick Fel Greenies (Pack of 12),,,10153,Greenies,,,Pet Products,N/A,N/A,N/A,N/A,N/A,N/A,0.15,0,0,0,0,80.44,N,2,0,N
*642863101533,B01A5TIBQU,3OZ Chick Fel Greenies (Pack of 2),,,10153,Greenies,,,Pet Products,N/A,N/A,N/A,N/A,N/A,N/A,0.15,0,0,0,0,19.02,N,2,0,N
*642863101533,B00GXJ1DLC,3OZ Chick Fel Greenies (Pack of 24),405.04,,10153,Ford,,581381,Pet Products,N/A,N/A,N/A,N/A,N/A,N/A,0.15,0,0,0,0,83.0,N,3,0,N
*642863044045,B008PNN79K,FELINE GREENIES Dental Treats for Cats Ocean Fish - 2.5 oz.,2.99,10101558,10101558,Greenies Feline,,2358,Pet Products,1.06,0.96,1.00,0.01,0,3.03,0.15,3.6,1.2,5.7,0.05,5.0,N,20,0,N
*642863101557,B01A5THYFE,3OZ Feline Fish Treat (Pack of 9),,,10155,Greenies,,,Pet Products,N/A,N/A,N/A,N/A,N/A,N/A,0.15,0,0,0,0,32.84,N,4,0,N
*642863101557,B00GYATOAC,"C D Ford & Sons 10101558 Cat Dental Treats, Ocean Fish, 3-oz. - Quantity 10",0.0,,10101558,Ford,,,Pet Products,4.09,4.01,0.00,0.24,0,8.34,0.15,9,9,12,3,24.99,N,1,0,N
*642863101557,B01A5TJQ9Q,3OZ Feline Fish Treat (Pack of 3),,,10155,Greenies,,,Pet Products,N/A,N/A,N/A,N/A,N/A,N/A,0.15,0,0,0,0,16.0,N,4,0,N
*642863101557,B01A5TJB8C,3OZ Feline Fish Treat (Pack of 12),,,10155,Greenies,,,Pet Products,N/A,N/A,N/A,N/A,N/A,N/A,0.15,0,0,0,0,42.71,N,4,0,N
*642863101557,B01A5TGLL2,3OZ Feline Fish Treat (Pack of 6),,,10155,Greenies,,,Pet Products,N/A,N/A,N/A,N/A,N/A,N/A,0.15,0,0,0,0,23.41,N,4,0,N
*642863101557,B01A5TFFAA,3OZ Feline Fish Treat (Pack of 4),,,10155,Greenies,,,Pet Products,N/A,N/A,N/A,N/A,N/A,N/A,0.15,0,0,0,0,18.05,N,3,0,N
*642863101557,B01A5TICLO,3OZ Feline Fish Treat (Pack of 2),,,10155,Greenies,,566301,Pet Products,N/A,N/A,N/A,N/A,N/A,N/A,0.15,0,0,0,0,13.95,N,4,0,N
*642863044052,B008PNN7DQ,FELINE GREENIES Dental Treats for Cats Savory Salmon - 2.5 oz.,2.99,10101560,10101560,Greenies Feline,default,16327,Pet Products,1.06,0.50,1.00,0.00,0,2.56,0.15,2.2,0.3,7.5,0.15,1.95,N,27,0,Y
*642863101571,B01A5TFFWI,"GREENIES Feline Dental Treat Savory Salmon - 2.5 Oz, Pack of 4",,,642863101571,Greenies,,,Pet Products,N/A,N/A,N/A,N/A,N/A,N/A,0.15,0,0,0,0,20.77,N,4,0,N
*642863101571,B01A5TJRTK,"GREENIES Feline Dental Treat Savory Salmon - 2.5 Oz, Pack of 3",,,642863101571,Greenies,,,Pet Products,N/A,N/A,N/A,N/A,N/A,N/A,0.15,0,0,0,0,17.37,N,5,0,N
*642863101571,B00IV6T4XE,"Feline Greenies Dental Treats Savory Salmon for Cats, 2.5-Ounce",2.99,,,Greenies,,709565,Health and Beauty,N/A,N/A,N/A,N/A,N/A,N/A,0.15,0,0,0,0,10.81,N,2,0,N
*642863101571,B00GY6HZ20,"C D Ford & Sons 10101560 Cat Treats, Salmon, 3-oz. - Quantity 10",0.0,,10101560,Ford,,,Pet Products,4.09,4.01,0.00,0.24,0,8.34,0.15,9,9,12,3,28.21,N,3,0,N
*642863101571,B00Y5FK6TG,GREENIE CAT 2.5OZ SALMON (Pkg of 5),0.0,,10101560,Ford,,,Sports,N/A,N/A,N/A,N/A,N/A,N/A,0.15,0,0,0,0,17.99,N,2,0,N
*642863101571,B01A5TJBUA,"GREENIES Feline Dental Treat Savory Salmon - 2.5 Oz, Pack of 12",,,642863101571,Greenies,,,Pet Products,N/A,N/A,N/A,N/A,N/A,N/A,0.15,0,0,0,0,43.4,N,4,0,N
*642863101571,B00QUQ5170,Feline Greenies Dental Cat Treats Salmon 2.5 oz 6 Pack,,,mp-135018.1,Greenies,,,Pet Products,N/A,N/A,N/A,N/A,N/A,N/A,0.15,0,0,0,1.06,19.89,N,1,0,N
*642863101571,B01A5THZ2G,"GREENIES Feline Dental Treat Savory Salmon - 2.5 Oz, Pack of 9",,,642863101571,Greenies,,,Pet Products,N/A,N/A,N/A,N/A,N/A,N/A,0.15,0,0,0,0,34.56,N,4,0,N
*642863101595,B008PNN7JU,FELINE GREENIES Dental Treats for Cats Tempting Tuna - 2.5 oz.,2.99,10101562,10101562,Greenies Feline,default,6686,Pet Products,1.06,0.50,1.00,0.00,0,2.56,0.15,2.3,0.6,3,0.25,1.99,N,20,0,Y
*642863101595,B00GXIKC88,C D Ford & Sons 10101562 2.5-oz. Tuna Feline Greenies - Quantity 10,0.0,,10101562,Ford,,,Pet Products,4.09,4.01,0.00,0.24,0,8.34,0.15,9,9,12,3,24.99,N,1,0,N
*642863101595,B01A5TJSJE,"GREENIES Feline Dental Treat Tempting Tuna - 2.5 Oz, Pack of 3",,,642863101595,Greenies,,,Pet Products,N/A,N/A,N/A,N/A,N/A,N/A,0.15,0,0,0,0,18.62,N,3,0,N
*642863101595,B01A5THZVM,"GREENIES Feline Dental Treat Tempting Tuna - 2.5 Oz, Pack of 9",,,642863101595,Greenies,,,Pet Products,N/A,N/A,N/A,N/A,N/A,N/A,0.15,0,0,0,0,34.56,N,3,0,N
*642863101595,B01A5TGMBQ,"GREENIES Feline Dental Treat Tempting Tuna - 2.5 Oz, Pack of 6",,,642863101595,Greenies,,,Pet Products,N/A,N/A,N/A,N/A,N/A,N/A,0.15,0,0,0,0,27.38,N,2,0,N
*642863101595,B00BQ1DX6K,Feline Greenies 2.5 oz Bag Tempting Tuna,,,ZT7730 60,Greenies,,199225,Pet Products,N/A,N/A,N/A,N/A,N/A,N/A,0.15,0,0,0,0,7.5,N,4,0,N
*642863101595,B01A5TFGD6,"GREENIES Feline Dental Treat Tempting Tuna - 2.5 Oz, Pack of 4",,,642863101595,Greenies,,,Pet Products,N/A,N/A,N/A,N/A,N/A,N/A,0.15,0,0,0,0,20.58,N,3,0,N
*642863101595,B01A5TJCFO,"GREENIES Feline Dental Treat Tempting Tuna - 2.5 Oz, Pack of 12",,,642863101595,Greenies,,,Pet Products,N/A,N/A,N/A,N/A,N/A,N/A,0.15,0,0,0,0,43.4,N,3,0,N
*642863101595,B01A5TIDUO,"GREENIES Feline Dental Treat Tempting Tuna - 2.5 Oz, Pack of 2",,,642863101595,Greenies,,,Pet Products,N/A,N/A,N/A,N/A,N/A,N/A,0.15,0,0,0,0,16.36,N,3,0,N
*642863101618,B00F44HR80,"Feline Greenies Dental Treats Succulent Beef for Cats, 2.5oz - 10-PACK",0.0,,10101564,Greenies,,808011,Sports,1.06,0.50,1.00,0.00,0,2.56,0.15,2.9,0.3,5,0.35,36.85,N,5,0,N
*642863101618,B008PNN7GS,FELINE GREENIES Dental Treats for Cats Succulent Beef - 2.5 oz.,2.99,10101564,10101564,Greenies Feline,default,3294,Pet Products,1.06,0.96,1.00,0.00,0,3.02,0.15,1.3,0.8,1.6,0.25,1.99,N,20,0,Y
*642863101618,B009NQZ9IU,Greenies Feline Beef 2.5oz,,,GRNCATBEEF,Greenies,,424032,Pet Products,1.06,0.96,1.00,0.02,0,3.04,0.15,4,1.8,8,0.25,7.5,N,4,0,N
*642863101618,B00QUQ573S,Feline Greenies Dental Cat Treats Beef 2.5 oz 6 Pack,,,mp-135025.1,Greenies,,,Pet Products,N/A,N/A,N/A,N/A,N/A,N/A,0.15,0,0,0,1.06,19.89,N,1,0,N
*642863101618,B009MXMZ8Q,Greenies Feline Beef 2.5oz,0.0,,20605,Greenies,,216932,Pet Products,N/A,N/A,N/A,N/A,N/A,N/A,0.15,0,0,0,0,6.78,N,4,0,N
*642863101618,B01A5TJD2G,"GREENIES Feline Dental Treat Succulent Beef - 2.5 Oz, Pack of 12",,,642863101618,Greenies,,,Pet Products,N/A,N/A,N/A,N/A,N/A,N/A,0.15,0,0,0,0,41.67,N,3,0,N
*642863101618,B00IV6TA0G,"Feline Greenies Dental Treats Succulent Beef for Cats, 2.5-Ounce",2.99,,,Greenies,,304462,Health and Beauty,N/A,N/A,N/A,N/A,N/A,N/A,0.15,0,0,0,0,1.95,N,2,0,N
*642863101618,B01A5TFGSG,"GREENIES Feline Dental Treat Succulent Beef - 2.5 Oz, Pack of 4",,,642863101618,Greenies,,,Pet Products,N/A,N/A,N/A,N/A,N/A,N/A,0.15,0,0,0,0,21.07,N,3,0,N
*642863101618,B01A5TI0NE,"GREENIES Feline Dental Treat Succulent Beef - 2.5 Oz, Pack of 9",,,642863101618,Greenies,,,Pet Products,N/A,N/A,N/A,N/A,N/A,N/A,0.15,0,0,0,0,32.84,N,3,0,N
*642863101618,B01A5TJTES,Greenies Feline Beef 2.5oz (Pack of 3),,,642863101618,Greenies,,,Pet Products,N/A,N/A,N/A,N/A,N/A,N/A,0.15,0,0,0,0,16.0,N,4,0,N
*642863101656,B008PNN8DK,FELINE GREENIES Dental Treats for Cats Ocean Fish - 5.5 oz.,3.79,10101569,10101569,Greenies Feline,,645,Pet Products,1.06,0.96,1.00,0.02,0,3.04,0.15,5.5,1.6,7,0.4,2.59,N,27,0,Y
*642863101656,B01A5TI228,"GREENIES Feline Dental Treat Ocean Fish - 5.5 Oz, Pack of 9",,,642863101656,Greenies,,,Pet Products,N/A,N/A,N/A,N/A,N/A,N/A,0.15,0,0,0,0,57.41,N,3,0,N
*642863101656,B014DBG1UY,"GREENIES Dental Treats for Cats, Ocean Fish, 5.5 Ounce",3.99,10101569,10101569,Greenies Feline,,2044,Pantry,1.06,0.96,1.00,0.03,0,3.05,0.15,6.9,1.9,8.3,0.35,2.59,Y,1,0,N
*642863101656,B01A5TFHPI,"GREENIES Feline Dental Treat Ocean Fish - 5.5 Oz, Pack of 4",,,642863101656,Greenies,,,Pet Products,N/A,N/A,N/A,N/A,N/A,N/A,0.15,0,0,0,0,31.82,N,3,0,N
*642863101656,B01A5TGNQK,"GREENIES Feline Dental Treat Ocean Fish - 5.5 Oz, Pack of 6",,,642863101656,Greenies,,,Pet Products,N/A,N/A,N/A,N/A,N/A,N/A,0.15,0,0,0,0,42.89,N,3,0,N
*642863101656,B01A5TIFUC,"GREENIES Feline Dental Treat Ocean Fish - 5.5 Oz, Pack of 2",,,642863101656,Greenies,,,Pet Products,N/A,N/A,N/A,N/A,N/A,N/A,0.15,0,0,0,0,21.01,N,3,0,N
*642863101656,B01A5TJEAW,"GREENIES Feline Dental Treat Ocean Fish - 5.5 Oz, Pack of 12",,,642863101656,Greenies,,,Pet Products,N/A,N/A,N/A,N/A,N/A,N/A,0.15,0,0,0,0,69.89,N,3,0,N
*642863101656,B00GXJEUGM,FelGRN 6OZ Fish Treat (Pack of 10),64.9,,10165,Ford,,,Pet Products,4.09,6.74,0.00,0.53,0,11.36,0.15,13,11,15,4,59.14,N,4,0,N
*642863101656,B01A5TJUOW,"GREENIES Feline Dental Treat Ocean Fish - 5.5 Oz, Pack of 3",,,642863101656,Greenies,,,Pet Products,N/A,N/A,N/A,N/A,N/A,N/A,0.15,0,0,0,0,24.05,N,3,0,N
*642863101670,B008PNN8GC,FELINE GREENIES Dental Treats for Cats Savory Salmon - 5.5 oz.,3.79,10101571,10101571,Greenies Feline,Pink,454,Pet Products,1.06,0.96,1.00,0.01,0,3.03,0.15,3.3,1.5,5.6,0.4,2.59,N,32,0,Y
*642863101670,B01A5TJVDM,FelGRN 6OZ Salmon Treat (Pack of 3),,,10167,Greenies,,,Pet Products,N/A,N/A,N/A,N/A,N/A,N/A,0.15,0,0,0,0,23.67,N,4,0,N
*642863101670,B00GXJETJA,FelGRN 6OZ Salmon Treat (Pack of 10),64.9,,10167,Ford,,,Pet Products,4.09,6.74,0.00,0.53,0,11.36,0.15,13,11,15,4,N/A,N,1,0,N
*642863101670,B01A5TJF1K,FelGRN 6OZ Salmon Treat (Pack of 12),,,10167,Greenies,,,Pet Products,N/A,N/A,N/A,N/A,N/A,N/A,0.15,0,0,0,0,68.84,N,3,0,N
*642863101670,B01A5TGOC8,FelGRN 6OZ Salmon Treat (Pack of 6),,,10167,Greenies,,,Pet Products,N/A,N/A,N/A,N/A,N/A,N/A,0.15,0,0,0,0,38.16,N,2,0,N
*642863101670,B01A5TIGKQ,FelGRN 6OZ Salmon Treat (Pack of 2),,,10167,Greenies,,,Pet Products,N/A,N/A,N/A,N/A,N/A,N/A,0.15,0,0,0,0,17.91,N,3,0,N
*642863101670,B014DBEXHM,"GREENIES Dental Treats for Cats, Savory Salmon, 5.5 Ounce",3.99,10101571,10101571,Greenies Feline,,3195,Pantry,1.06,0.96,1.00,0.03,0,3.05,0.15,6.9,1.7,8.4,0.35,2.59,Y,1,0,N
*642863101670,B01A5TI2U0,FelGRN 6OZ Salmon Treat (Pack of 9),,,10167,Greenies,,,Pet Products,N/A,N/A,N/A,N/A,N/A,N/A,0.15,0,0,0,0,53.35,N,3,0,N
*642863101670,B01A5TFI6Q,FelGRN 6OZ Salmon Treat (Pack of 4),,,10167,Greenies,,,Pet Products,N/A,N/A,N/A,N/A,N/A,N/A,0.15,0,0,0,0,28.97,N,3,0,N
